{"cameraMode":{"drawMode":0,"name":"Shaded","section":"Shading Mode"},"sceneLighting":true,"audioPlay":false,"sceneViewState":{"showFog":true,"showMaterialUpdate":true,"showSkybox":false,"showFlares":true,"showImageEffects":true,"showParticleSystems":true},"in2DMode":false,"pivot":{"x":-0.1882820725440979,"y":2.2431561946868898,"z":2.167391300201416},"rotation":{"x":-0.23739653825759889,"y":0.11768429726362229,"z":0.028986383229494096,"w":0.9638233780860901},"size":22.0,"orthographic":false}