{"cameraMode":{"drawMode":0,"name":"Shaded","section":"Shading Mode"},"sceneLighting":false,"audioPlay":false,"sceneViewState":{"showFog":true,"showMaterialUpdate":true,"showSkybox":false,"showFlares":true,"showImageEffects":true,"showParticleSystems":true},"in2DMode":false,"pivot":{"x":-0.954983115196228,"y":0.577869176864624,"z":0.3788534998893738},"rotation":{"x":0.001499959034845233,"y":-0.007499984931200743,"z":0.000011251335308770649,"w":0.9999710917472839},"size":8.296980857849121,"orthographic":true}