{"cameraMode":{"drawMode":0,"name":"Shaded","section":"Shading Mode"},"sceneLighting":false,"audioPlay":false,"sceneViewState":{"showFog":true,"showMaterialUpdate":true,"showSkybox":false,"showFlares":true,"showImageEffects":true,"showParticleSystems":true},"in2DMode":false,"pivot":{"x":0.13095934689044953,"y":2.2431561946868898,"z":0.071135975420475},"rotation":{"x":0.017995648086071016,"y":-0.019495714455842973,"z":0.0003509341040626168,"w":0.9996488094329834},"size":2.406775951385498,"orthographic":false}