{"cameraMode":{"drawMode":0,"name":"Shaded","section":"Shading Mode"},"sceneLighting":false,"audioPlay":false,"sceneViewState":{"showFog":true,"showMaterialUpdate":true,"showSkybox":false,"showFlares":true,"showImageEffects":true,"showParticleSystems":true},"in2DMode":false,"pivot":{"x":0.5,"y":-3.509999990463257,"z":-5.20082950592041},"rotation":{"x":0.017995648086071016,"y":-0.019495714455842973,"z":0.0003509341040626168,"w":0.9996488094329834},"size":11.783357620239258,"orthographic":false}